epoch,time,train/box_loss,train/cls_loss,train/dfl_loss,metrics/precision(B),metrics/recall(B),metrics/mAP50(B),metrics/mAP50-95(B),val/box_loss,val/cls_loss,val/dfl_loss,lr/pg0,lr/pg1,lr/pg2
1,13.5373,0.55229,3.12731,1.20017,0.00582,1,0.18855,0.14317,0.66041,2.78295,1.17654,0.00029694,0.00029694,0.00029694
2,24.4996,0.53166,2.29686,1.16206,0.40675,0.53729,0.36865,0.31387,0.54982,2.53389,1.12435,0.000594001,0.000594001,0.000594001
3,35.1513,0.51715,1.81492,1.13144,0.43481,0.63733,0.56861,0.42709,0.71303,3.59756,1.33633,0.000885062,0.000885062,0.000885062
4,45.5905,0.49842,1.43776,1.10908,0.77047,0.68114,0.77815,0.59089,0.70179,1.60745,1.34591,0.000882003,0.000882003,0.000882003
5,56.0816,0.50891,1.2801,1.13649,0.59522,0.69791,0.77819,0.60906,0.68439,1.67292,1.27146,0.000873004,0.000873004,0.000873004
6,66.4849,0.47438,1.08727,1.09664,0.84,0.71383,0.874,0.6845,0.75098,1.2802,1.25529,0.000864004,0.000864004,0.000864004
7,76.9462,0.46603,1.02275,1.09528,0.78014,0.85839,0.85671,0.70208,0.63693,1.03798,1.16136,0.000855005,0.000855005,0.000855005
8,87.3883,0.45165,0.97104,1.09076,0.73635,0.88279,0.86757,0.73345,0.52127,1.28917,1.05074,0.000846006,0.000846006,0.000846006
9,97.94,0.44476,0.87661,1.0838,0.94071,0.94782,0.98495,0.89709,0.44073,0.68075,0.96757,0.000837007,0.000837007,0.000837007
10,108.464,0.43815,0.86192,1.0767,0.82781,0.8407,0.91563,0.7296,0.60413,1.07799,1.10766,0.000828008,0.000828008,0.000828008
11,118.777,0.4381,0.76409,1.07252,0.76957,0.84589,0.94537,0.848,0.4511,0.95883,0.97064,0.000819009,0.000819009,0.000819009
12,129.325,0.42326,0.78158,1.07062,0.91829,0.91345,0.97322,0.89463,0.3835,0.5861,0.90913,0.00081001,0.00081001,0.00081001
13,140.264,0.38915,0.69617,1.04356,0.95092,0.89448,0.98246,0.91762,0.36562,0.55445,0.88526,0.000801011,0.000801011,0.000801011
14,154.45,0.39701,0.69528,1.04619,0.95381,0.91148,0.97347,0.87124,0.48771,0.70589,1.01419,0.000792012,0.000792012,0.000792012
15,169.057,0.40167,0.69481,1.05694,0.95908,0.95446,0.98497,0.90338,0.47921,0.58326,1.01599,0.000783013,0.000783013,0.000783013
16,183.94,0.387,0.63585,1.03997,0.82905,0.84522,0.89924,0.81047,0.42309,0.94955,0.9272,0.000774013,0.000774013,0.000774013
17,198.702,0.38742,0.62531,1.03397,0.92313,0.88829,0.97398,0.90876,0.38315,0.63838,0.89801,0.000765014,0.000765014,0.000765014
18,212.482,0.37689,0.60201,1.02945,0.95927,0.97436,0.98569,0.90553,0.4021,0.50856,0.93173,0.000756015,0.000756015,0.000756015
19,225.127,0.38153,0.59211,1.04391,0.91658,0.89236,0.97875,0.90722,0.3577,0.54087,0.87514,0.000747016,0.000747016,0.000747016
20,238.014,0.36686,0.53708,1.022,0.96438,0.95506,0.98203,0.92703,0.35831,0.43644,0.8783,0.000738017,0.000738017,0.000738017
21,249.997,0.3433,0.55415,1.01951,0.96586,0.93348,0.98309,0.92568,0.39735,0.4819,0.91368,0.000729018,0.000729018,0.000729018
22,262.23,0.35767,0.53117,1.02334,0.96256,0.96678,0.9802,0.90151,0.39893,0.42908,0.91493,0.000720019,0.000720019,0.000720019
23,273.631,0.36549,0.53715,1.02938,0.95945,0.99136,0.98758,0.94559,0.34165,0.54166,0.85028,0.00071102,0.00071102,0.00071102
24,284.577,0.34907,0.54046,1.02504,0.9334,0.97132,0.98251,0.93128,0.32072,0.46778,0.83022,0.000702021,0.000702021,0.000702021
25,296.71,0.34715,0.53843,1.01815,0.98957,0.98889,0.98636,0.94473,0.30401,0.37335,0.81873,0.000693022,0.000693022,0.000693022
26,308.551,0.34182,0.5,1.02063,0.85181,0.90506,0.97884,0.90715,0.35744,0.78922,0.86272,0.000684022,0.000684022,0.000684022
27,322.4,0.3517,0.5001,1.02935,0.97963,0.95314,0.98483,0.93874,0.33874,0.40934,0.84846,0.000675023,0.000675023,0.000675023
28,336.35,0.32981,0.47704,1.00378,0.96953,0.97113,0.98419,0.95022,0.3094,0.64807,0.80122,0.000666024,0.000666024,0.000666024
29,349.535,0.33992,0.48657,1.01672,0.9655,0.97103,0.98632,0.94581,0.32439,0.38155,0.82617,0.000657025,0.000657025,0.000657025
30,362.823,0.33557,0.47398,1.02144,0.975,0.95857,0.98179,0.92184,0.35721,0.42489,0.87149,0.000648026,0.000648026,0.000648026
31,376.301,0.33996,0.46228,1.01623,0.96278,0.95909,0.97613,0.93462,0.33441,0.43747,0.85338,0.000639027,0.000639027,0.000639027
32,389.221,0.32481,0.45211,1.00342,0.97459,0.98956,0.98793,0.92523,0.36871,0.45165,0.87885,0.000630028,0.000630028,0.000630028
33,403.358,0.32468,0.43688,0.99795,0.98676,0.96579,0.98582,0.94982,0.31033,0.36307,0.81478,0.000621029,0.000621029,0.000621029
34,417.025,0.33315,0.45792,1.0148,0.98711,0.97971,0.98741,0.95765,0.30656,0.33968,0.82476,0.00061203,0.00061203,0.00061203
35,430.927,0.32422,0.43368,1.00738,0.94554,0.9376,0.9871,0.93723,0.36543,0.4478,0.87563,0.000603031,0.000603031,0.000603031
36,444.884,0.32788,0.43952,1.0071,0.97638,0.98692,0.98727,0.94596,0.31174,0.33493,0.82641,0.000594031,0.000594031,0.000594031
37,457.834,0.32356,0.40848,1.00652,0.97949,0.96981,0.98652,0.95412,0.28395,0.69761,0.79315,0.000585032,0.000585032,0.000585032
38,471.856,0.3185,0.39614,0.99921,0.9608,0.98288,0.98684,0.94886,0.31361,0.3159,0.82074,0.000576033,0.000576033,0.000576033
39,485.942,0.31786,0.39267,0.99845,0.98357,0.97767,0.98564,0.95125,0.29318,0.32787,0.78439,0.000567034,0.000567034,0.000567034
40,500.897,0.31618,0.39417,1.01036,0.98255,0.9876,0.98809,0.95509,0.30921,0.35093,0.81104,0.000558035,0.000558035,0.000558035
41,515.323,0.29036,0.3662,0.99258,0.98275,0.98029,0.98636,0.94358,0.31174,0.32545,0.80299,0.000549036,0.000549036,0.000549036
42,528.262,0.30781,0.37109,1.00383,0.96328,0.9764,0.98373,0.94831,0.29749,0.37569,0.80865,0.000540037,0.000540037,0.000540037
43,539.67,0.30079,0.37185,0.99985,0.98545,0.97795,0.98646,0.95041,0.30405,0.33473,0.82476,0.000531038,0.000531038,0.000531038
44,550.265,0.29842,0.39115,1.00194,0.98525,0.99059,0.98743,0.96305,0.26942,0.3163,0.76367,0.000522039,0.000522039,0.000522039
45,560.708,0.29736,0.35941,0.9881,0.98674,0.99025,0.98667,0.95735,0.29294,0.31018,0.80075,0.00051304,0.00051304,0.00051304
46,571.094,0.29315,0.36837,0.99335,0.97865,0.98671,0.98607,0.96125,0.26012,0.2983,0.76158,0.00050404,0.00050404,0.00050404
47,581.494,0.30663,0.37492,1.00123,0.97404,0.9678,0.98159,0.95553,0.27454,0.33567,0.78108,0.000495041,0.000495041,0.000495041
48,591.832,0.28438,0.3598,0.98001,0.9806,0.98457,0.98611,0.95932,0.29724,0.31845,0.79768,0.000486042,0.000486042,0.000486042
49,602.146,0.30512,0.35299,0.99345,0.98757,0.99253,0.98673,0.97007,0.27696,0.31046,0.78805,0.000477043,0.000477043,0.000477043
50,612.592,0.30394,0.3537,0.99249,0.99228,0.99336,0.98619,0.96911,0.26989,0.28358,0.76333,0.000468044,0.000468044,0.000468044
51,622.992,0.30085,0.34657,0.99369,0.9689,0.98448,0.98574,0.95743,0.28868,0.44651,0.77608,0.000459045,0.000459045,0.000459045
52,633.532,0.29747,0.34214,0.98633,0.98344,0.98709,0.98419,0.96131,0.25874,0.29654,0.76422,0.000450046,0.000450046,0.000450046
53,643.994,0.28578,0.35074,0.98379,0.99154,0.98534,0.9881,0.96994,0.26265,0.36581,0.74937,0.000441047,0.000441047,0.000441047
54,654.464,0.27844,0.3459,0.97984,0.98403,0.98922,0.98624,0.96036,0.30531,0.33992,0.80447,0.000432048,0.000432048,0.000432048
55,665.809,0.27656,0.33975,0.98232,0.98582,0.98575,0.9866,0.96797,0.25131,0.27203,0.74558,0.000423049,0.000423049,0.000423049
56,677.221,0.28021,0.32638,0.98249,0.98854,0.99005,0.98673,0.96853,0.2472,0.26994,0.74213,0.000414049,0.000414049,0.000414049
57,688.853,0.2789,0.32637,0.98449,0.98923,0.99231,0.98642,0.96717,0.25384,0.27103,0.76084,0.00040505,0.00040505,0.00040505
58,701.657,0.27048,0.32048,0.97439,0.94916,0.97317,0.98577,0.95583,0.28067,0.3421,0.78743,0.000396051,0.000396051,0.000396051
59,716.623,0.268,0.32525,0.9667,0.98688,0.99336,0.98731,0.96689,0.26916,0.2943,0.76459,0.000387052,0.000387052,0.000387052
60,731.285,0.27168,0.31613,0.9824,0.98682,0.98817,0.9881,0.96384,0.2741,0.27839,0.77117,0.000378053,0.000378053,0.000378053
61,744.87,0.25842,0.3054,0.97509,0.9914,0.99336,0.98958,0.97,0.24977,0.27397,0.76305,0.000369054,0.000369054,0.000369054
62,758.637,0.26651,0.3049,0.9711,0.99205,0.9874,0.98828,0.97155,0.24611,0.26558,0.75049,0.000360055,0.000360055,0.000360055
63,772.319,0.26231,0.30533,0.97135,0.99356,0.99055,0.98721,0.97408,0.2496,0.25676,0.7668,0.000351056,0.000351056,0.000351056
64,786.467,0.25865,0.3003,0.96272,0.9899,0.99336,0.9866,0.97087,0.24514,0.27106,0.74826,0.000342057,0.000342057,0.000342057
65,800.643,0.27684,0.32722,0.98672,0.99165,0.99084,0.9865,0.97111,0.25065,0.2714,0.75682,0.000333058,0.000333058,0.000333058
66,814.509,0.26228,0.30739,0.97491,0.98389,0.98448,0.98916,0.97066,0.2405,0.36942,0.74805,0.000324058,0.000324058,0.000324058
67,827.568,0.24958,0.28407,0.96876,0.98946,0.98671,0.98749,0.96957,0.2361,0.26157,0.74583,0.000315059,0.000315059,0.000315059
68,840.876,0.26312,0.28985,0.97199,0.99178,0.99227,0.9865,0.967,0.25841,0.26897,0.77571,0.00030606,0.00030606,0.00030606
69,854.212,0.26359,0.3021,0.97877,0.99283,0.98952,0.98769,0.97515,0.22614,0.23126,0.73579,0.000297061,0.000297061,0.000297061
70,867.692,0.25631,0.28067,0.97318,0.99328,0.99244,0.9865,0.97073,0.23901,0.23738,0.73986,0.000288062,0.000288062,0.000288062
71,881.112,0.25028,0.2955,0.96573,0.99394,0.99336,0.98643,0.97147,0.22578,0.2334,0.72523,0.000279063,0.000279063,0.000279063
72,894.702,0.25112,0.28162,0.96611,0.9935,0.9895,0.98714,0.97309,0.22137,0.24558,0.72806,0.000270064,0.000270064,0.000270064
73,908.279,0.24092,0.27936,0.96289,0.99317,0.9901,0.98721,0.9712,0.22878,0.24196,0.72787,0.000261065,0.000261065,0.000261065
74,921.904,0.23925,0.27867,0.9629,0.98929,0.99164,0.98637,0.96952,0.23415,0.25091,0.73644,0.000252066,0.000252066,0.000252066
75,935.368,0.2462,0.27104,0.97187,0.98967,0.98937,0.9866,0.97252,0.24013,0.26017,0.74889,0.000243067,0.000243067,0.000243067
76,948.982,0.24643,0.27161,0.97091,0.98748,0.9838,0.98652,0.97343,0.24172,0.25938,0.75572,0.000234068,0.000234068,0.000234068
77,962.728,0.24264,0.27605,0.96246,0.99307,0.99062,0.98697,0.97219,0.24075,0.24543,0.74895,0.000225068,0.000225068,0.000225068
78,976.499,0.24689,0.27102,0.96867,0.98959,0.98883,0.98788,0.97824,0.22636,0.25944,0.72982,0.000216069,0.000216069,0.000216069
79,989.762,0.23731,0.26457,0.9583,0.99175,0.98771,0.98865,0.98115,0.21618,0.23691,0.71612,0.00020707,0.00020707,0.00020707
80,1001.51,0.23888,0.26092,0.96726,0.98934,0.98903,0.98683,0.97655,0.21845,0.23981,0.71894,0.000198071,0.000198071,0.000198071
81,1014.22,0.23322,0.2581,0.96134,0.99283,0.99193,0.98721,0.97502,0.20482,0.24641,0.70276,0.000189072,0.000189072,0.000189072
82,1028.42,0.23937,0.25358,0.96381,0.99266,0.98684,0.98685,0.98055,0.20471,0.23279,0.70551,0.000180073,0.000180073,0.000180073
83,1043.2,0.24094,0.25356,0.96657,0.99126,0.98601,0.9879,0.97663,0.2167,0.23519,0.71895,0.000171074,0.000171074,0.000171074
84,1058.37,0.24245,0.25951,0.9623,0.98975,0.9856,0.98773,0.97908,0.20844,0.23487,0.71355,0.000162075,0.000162075,0.000162075
85,1073.76,0.22798,0.2507,0.95853,0.9926,0.99336,0.98697,0.98024,0.2082,0.22212,0.71259,0.000153076,0.000153076,0.000153076
86,1086.33,0.23347,0.24824,0.96018,0.9872,0.99336,0.98471,0.97602,0.23656,0.26188,0.72895,0.000144077,0.000144077,0.000144077
87,1096.92,0.24121,0.25562,0.97153,0.99317,0.99336,0.9869,0.98321,0.20875,0.22535,0.71065,0.000135077,0.000135077,0.000135077
88,1107.48,0.22405,0.25314,0.95536,0.99311,0.99336,0.98684,0.97819,0.20142,0.21623,0.70485,0.000126078,0.000126078,0.000126078
89,1118.07,0.21933,0.24585,0.9498,0.99355,0.99279,0.98707,0.98099,0.19162,0.22225,0.69484,0.000117079,0.000117079,0.000117079
90,1129.35,0.2152,0.22991,0.94923,0.99388,0.9913,0.98714,0.97745,0.20853,0.223,0.70718,0.00010808,0.00010808,0.00010808
